code,system
C10EF00,readv2
C108F12,readv2
C108F11,readv2
C109E12,readv2
C10FE00,readv2
C10FE11,readv2
C109E11,readv2
7267600,readv2
F463.00,readv2
F463z00,readv2
F461z00,readv2
F460.00,readv2
F461000,readv2
F460200,readv2
F461800,readv2
FyuE000,readv2
F461y00,readv2
F461.00,readv2
H26.0,readv2
H25,readv2
F461x00,readv2
F460x00,readv2
F46z000,readv2
F461500,readv2
F461A00,readv2
F460z00,readv2
F460y00,readv2
P332000,readv2
F460500,readv2
1483,readv2
7263011,readv2
F464200,readv2
F465.00,readv2
F463400,readv2
F46z.00,readv2
F465z00,readv2
F461B00,readv2
F461300,readv2
F463300,readv2
2BT..00,readv2
P33y000,readv2
F464100,readv2
F463200,readv2
F461B11,readv2
F461200,readv2
F46..00,readv2
F461400,readv2
63640,readv2
58625,readv2
70201,readv2
11255,readv2
4358,readv2
44260,readv2
5361,readv2
50932,readv2
57805,readv2
8130,readv2
22022,readv2
18048,readv2
1622,readv2
45190,readv2
38641,readv2
44294,readv2
48192,readv2
18089,readv2
41668,readv2
49554,readv2
6330,readv2
44794,readv2
63212,readv2
47566,readv2
9931,readv2
105971,readv2
51162,readv2
58078,readv2
10659,readv2
6876,readv2
98962,readv2
103508,readv2
59125,readv2
44982,readv2
11941,readv2
92358,readv2
90279,readv2
54130,readv2
70700,readv2
4148,readv2
88738,readv2
33482,readv2
6317,readv2
15589,readv2
70403,readv2
62188,readv2
29770,readv2
49085,readv2
69278,readv2
24467,readv2
96385,readv2
63491,readv2
99424,readv2
19371,readv2
49297,readv2
104553,readv2
70257,readv2
26850,readv2
703,readv2
93727,readv2
100770,readv2
5325,readv2
26097,readv2
45926,readv2
94430,readv2
44779,readv2
94348,readv2
89585,readv2
23883,readv2
60425,readv2
4459,readv2
71623,readv2
94474,readv2
48228,readv2
6547,readv2
101939,readv2
23631,readv2
46169,readv2
39081,readv2
48148,readv2
59914,readv2
296,readv2
110400,readv2
4260,readv2
63429,readv2
299,readv2
45952,readv2
7257,readv2
10010,readv2
64196,readv2
61325,readv2
71291,readv2
33793,readv2
60883,readv2
7793,readv2
17545,readv2
11767,readv2
27898,readv2
42452,readv2
44487,readv2
4242,readv2
H26.2,readv2
C73.1,readv2
C71.3,readv2
C74.3,readv2
C71.2,readv2
C77.2,readv2
C74.1,readv2
F460100,readv2
FyuE400,readv2
H28,readv2
P33yz00,readv2
P33..00,readv2
P33z.00,readv2
P33y.00,readv2
F461900,readv2
F460700,readv2
P333.00,readv2
FyuE100,readv2
F463000,readv2
P330.00,readv2
H26.9,readv2
H26.8,readv2
C74.8,readv2
C74.9,readv2
7266.11,readv2
14N9.00,readv2
14NA.00,readv2
C72.3,readv2
C72.2,readv2
C72.1,readv2
C71.1,readv2
7263.12,readv2
P331z00,readv2
7264.11,readv2
P331000,readv2
P331.00,readv2
C71.9,readv2
C72.9,readv2
C71.8,readv2
C72.8,readv2
F464z00,readv2
F46y.00,readv2
F46yz00,readv2
F464300,readv2
F464.00,readv2
F460000,readv2
22E5.00,readv2
2BT1.00,readv2
2BT0.00,readv2
F460300,readv2
F461700,readv2
F460400,readv2
P331100,readv2
F461600,readv2
F466.00,readv2
14NC.00,readv2
8H5H.00,readv2
8HTV.00,readv2
P334000,readv2
P334z00,readv2
F465000,readv2
ZV45611,readv2
P332z00,readv2
P332.00,readv2
F460600,readv2
P332100,readv2
C108F00,readv2
C109E00,readv2
C10EF12,readv2
F465300,readv2
F465200,readv2
C75.2,readv2
F464000,readv2
F461100,readv2
C77.1,readv2
F465500,readv2
F4B4C00,readv2
F4B4B00,readv2
8LC0.00,readv2
C77.9,readv2
C77.8,readv2
7266100,readv2
C74.2,readv2
F4K2D00,readv2
P33y100,readv2
Q12.0,readv2
11970,readv2
28515,readv2
28513,readv2
5518,readv2
H26.4,readv2
C73.3,readv2
C73.2,readv2
C73.4,readv2
C73.9,readv2
C73.8,readv2
C75.8,readv2
C75.9,readv2
C75.4,readv2
C75.1,readv2
C75.3,readv2
C77.6,readv2